,Flight ID,Flight_Distance,Scheduled_Departure_Time,Day_of_Week,Month,Weather_Score,Previous_Flight_Delay_Minutes,Airline_Rating,Passenger_Load,Flight_Cancelled
count,3000.0,3000.0,3000.0,3000.0,3000.0,3000.0,3000.0,3000.0,3000.0,3000.0
mean,4997428.782,498.874,11.435,3.963,6.381,0.524022824,25.471956834666663,2.3174388746666668,0.5158845073333334,0.6906666666666667
std,2868138.5936895697,98.26989254731289,6.899297677020856,2.016346419714322,3.473978772172215,0.29069423484175677,23.271275046451144,1.4303855033909683,0.29563440991894363,0.4622958591378623
min,3681.0,228.5,0.0,1.0,1.0,0.000965,0.0,0.000103,0.001039,0.0
25%,2520313.25,431.0,6.0,2.0,3.0,0.27801075000000003,7.0,1.09290175,0.26579325,0.0
50%,5073095.5,497.0,12.0,4.0,6.0,0.5221800000000001,18.0,2.126614,0.5171749999999999,1.0
75%,7462025.75,566.0,17.0,6.0,9.0,0.776323,38.0,3.52574625,0.77037025,1.0
max,9999011.0,768.5,23.0,7.0,12.0,1.099246,84.5,5.189038,1.123559,1.0
